{"timestamp": 1734873875.3471873, "active_power": 2969.972184025416, "reactive_power": 1484.986092012708, "apparent_power": 3320.5298473821726, "average_power": 2969.972184025416, "resistance": 5}