{"temperature": 26.33643265728238, "humidity": 47.009870623182536}