{"timestamp": 1734873875.2519515, "voltage_rms": 231.45649097095801, "resistance": 5}