{"temperature": 25.388403148886283, "humidity": 39.71335587300509}