{"temperature": 21.10445432193733, "humidity": 46.62135253796397}