{"timestamp": 1734873875.3471873, "voltage_rms": 234.785758813308, "resistance": 5}