{"timestamp": 1734873874.405291, "active_power": 2639.2477659990723, "reactive_power": 1319.6238829995361, "apparent_power": 2950.7687071191917, "average_power": 2639.2477659990723, "resistance": 5}