{"timestamp": 1734873875.2519515, "active_power": 2978.6448525600244, "reactive_power": 1489.3224262800122, "apparent_power": 3330.2261855770266, "average_power": 2978.6448525600244, "resistance": 5}