{"timestamp": 1734873874.405291, "voltage_rms": 224.87184205028, "resistance": 5}