{"timestamp": 1734873875.2519515, "current_rms": 12.869135102086075, "resistance": 5}