{"timestamp": 1734873875.3471873, "current_rms": 12.649711801246923, "resistance": 5}